-- MySQL dump 10.16  Distrib 10.1.36-MariaDB, for Win32 (AMD64)
--
-- Host: 127.0.0.1    Database: valeriy
-- ------------------------------------------------------
-- Server version	10.1.36-MariaDB

/*!40101 SET @OLD_CHARACTER_SET_CLIENT=@@CHARACTER_SET_CLIENT */;
/*!40101 SET @OLD_CHARACTER_SET_RESULTS=@@CHARACTER_SET_RESULTS */;
/*!40101 SET @OLD_COLLATION_CONNECTION=@@COLLATION_CONNECTION */;
/*!40101 SET NAMES utf8 */;
/*!40103 SET @OLD_TIME_ZONE=@@TIME_ZONE */;
/*!40103 SET TIME_ZONE='+00:00' */;
/*!40014 SET @OLD_UNIQUE_CHECKS=@@UNIQUE_CHECKS, UNIQUE_CHECKS=0 */;
/*!40014 SET @OLD_FOREIGN_KEY_CHECKS=@@FOREIGN_KEY_CHECKS, FOREIGN_KEY_CHECKS=0 */;
/*!40101 SET @OLD_SQL_MODE=@@SQL_MODE, SQL_MODE='NO_AUTO_VALUE_ON_ZERO' */;
/*!40111 SET @OLD_SQL_NOTES=@@SQL_NOTES, SQL_NOTES=0 */;

--
-- Table structure for table `gallery`
--

DROP TABLE IF EXISTS `gallery`;
/*!40101 SET @saved_cs_client     = @@character_set_client */;
/*!40101 SET character_set_client = utf8 */;
CREATE TABLE `gallery` (
  `id` int(5) NOT NULL AUTO_INCREMENT,
  `gallery_name` varchar(255) NOT NULL,
  PRIMARY KEY (`id`)
) ENGINE=InnoDB AUTO_INCREMENT=7 DEFAULT CHARSET=utf8;
/*!40101 SET character_set_client = @saved_cs_client */;

--
-- Dumping data for table `gallery`
--

LOCK TABLES `gallery` WRITE;
/*!40000 ALTER TABLE `gallery` DISABLE KEYS */;
INSERT INTO `gallery` VALUES (1,'Кошки'),(2,'Собаки'),(3,'СМУ'),(5,'Гатчина'),(6,'www');
/*!40000 ALTER TABLE `gallery` ENABLE KEYS */;
UNLOCK TABLES;

--
-- Table structure for table `gallery_images`
--

DROP TABLE IF EXISTS `gallery_images`;
/*!40101 SET @saved_cs_client     = @@character_set_client */;
/*!40101 SET character_set_client = utf8 */;
CREATE TABLE `gallery_images` (
  `id` int(5) NOT NULL AUTO_INCREMENT,
  `gallery_id` int(5) DEFAULT NULL,
  `image` tinytext NOT NULL,
  PRIMARY KEY (`id`)
) ENGINE=InnoDB AUTO_INCREMENT=10 DEFAULT CHARSET=utf8;
/*!40101 SET character_set_client = @saved_cs_client */;

--
-- Dumping data for table `gallery_images`
--

LOCK TABLES `gallery_images` WRITE;
/*!40000 ALTER TABLE `gallery_images` DISABLE KEYS */;
INSERT INTO `gallery_images` VALUES (1,1,'cat1.jpg'),(2,1,'cat2.jpg'),(3,2,'dog1.jpg'),(4,2,'dog2.jpg'),(5,3,'smu1.jpg'),(6,0,'smu2.jpg'),(7,5,'g1.jpg'),(8,5,'g2.jpg'),(9,5,'g3.jpg');
/*!40000 ALTER TABLE `gallery_images` ENABLE KEYS */;
UNLOCK TABLES;

--
-- Table structure for table `pages`
--

DROP TABLE IF EXISTS `pages`;
/*!40101 SET @saved_cs_client     = @@character_set_client */;
/*!40101 SET character_set_client = utf8 */;
CREATE TABLE `pages` (
  `id` int(2) NOT NULL AUTO_INCREMENT,
  `menu_name` varchar(50) DEFAULT NULL,
  `content` text,
  `visible_in_main_menu` enum('0','1') DEFAULT NULL,
  `created_at` int(20) DEFAULT NULL,
  `updated_at` int(20) DEFAULT NULL,
  `gallery` enum('0','1') DEFAULT NULL,
  `gallery_id` int(5) DEFAULT NULL,
  PRIMARY KEY (`id`)
) ENGINE=InnoDB AUTO_INCREMENT=15 DEFAULT CHARSET=utf8 COMMENT='все страницы сайта';
/*!40101 SET character_set_client = @saved_cs_client */;

--
-- Dumping data for table `pages`
--

LOCK TABLES `pages` WRITE;
/*!40000 ALTER TABLE `pages` DISABLE KEYS */;
INSERT INTO `pages` VALUES (1,'Главная111','<p>The standard Lorem Ipsum passage, used since the 1500s\r\n\r\n\"Lorem ipsum dolor sit amet, consectetur adipiscing elit, sed do eiusmod tempor incididunt ut labore et dolore magna aliqua. Ut enim ad minim veniam, quis nostrud exercitation ullamco laboris nisi ut aliquip ex ea commodo consequat. Duis aute irure dolor in reprehenderit in voluptate velit esse cillum dolore eu fugiat nulla pariatur. Excepteur sint occaecat cupidatat non proident, sunt in culpa qui officia deserunt mollit anim id est laborum.\"\r\nSection 1.10.32 of \"de Finibus Bonorum et Malorum\", written by Cicero in 45 BC\r\n\r\n\"Sed ut perspiciatis unde omnis iste natus error sit voluptatem accusantium doloremque laudantium, totam rem aperiam, eaque ipsa quae ab illo inventore veritatis et quasi architecto beatae vitae dicta sunt explicabo. Nemo enim ipsam voluptatem quia voluptas sit aspernatur aut odit aut fugit, sed quia consequuntur magni dolores eos qui ratione voluptatem sequi nesciunt. Neque porro quisquam est, qui dolorem ipsum quia dolor sit amet, consectetur, adipisci velit, sed quia non numquam eius modi tempora incidunt ut labore et dolore magnam aliquam quaerat voluptatem. Ut enim ad minima veniam, quis nostrum exercitationem ullam corporis suscipit laboriosam, nisi ut aliquid ex ea commodi consequatur? Quis autem vel eum iure reprehenderit qui in ea voluptate velit esse quam nihil molestiae consequatur, vel illum qui dolorem eum fugiat quo voluptas nulla pariatur?\"\r\n1914 translation by H. Rackham\r\n\r\n\"But I must explain to you how all this mistaken idea of denouncing pleasure and praising pain was born and I will give you a complete account of the system, and expound the actual teachings of the great explorer of the truth, the master-builder of human happiness. No one rejects, dislikes, or avoids pleasure itself, because it is pleasure, but because those who do not know how to pursue pleasure rationally encounter consequences that are extremely painful. Nor again is there anyone who loves or pursues or desires to obtain pain of itself, because it is pain, but because occasionally circumstances occur in which toil and pain can procure him some great pleasure. To take a trivial example, which of us ever undertakes laborious physical exercise, except to obtain some advantage from it? But who has any right to find fault with a man who chooses to enjoy a pleasure that has no annoying consequences, or one who avoids a pain that produces no resultant pleasure?\"\r\nSection 1.10.33 of \"de Finibus Bonorum et Malorum\", written by Cicero in 45 BC\r\n\r\n\"At vero eos et accusamus et iusto odio dignissimos ducimus qui blanditiis praesentium voluptatum deleniti atque corrupti quos dolores et quas molestias excepturi sint occaecati cupiditate non provident, similique sunt in culpa qui officia deserunt mollitia animi, id est laborum et dolorum fuga. Et harum quidem rerum facilis est et expedita distinctio. Nam libero tempore, cum soluta nobis est eligendi optio cumque nihil impedit quo minus id quod maxime placeat facere possimus, omnis voluptas assumenda est, omnis dolor repellendus. Temporibus autem quibusdam et aut officiis debitis aut rerum necessitatibus saepe eveniet ut et voluptates repudiandae sint et molestiae non recusandae. Itaque earum rerum hic tenetur a sapiente delectus, ut aut reiciendis voluptatibus maiores alias consequatur aut perferendis doloribus asperiores repellat.\"\r\n1914 translation by H. Rackham\r\n\r\n\"On the other hand, we denounce with righteous indignation and dislike men who are so beguiled and demoralized by the charms of pleasure of the moment, so blinded by desire, that they cannot foresee the pain and trouble that are bound to ensue; and equal blame belongs to those who fail in their duty through weakness of will, which is the same as saying through shrinking from toil and pain. These cases are perfectly simple and easy to distinguish. In a free hour, when our power of choice is untrammelled and when nothing prevents our being able to do what we like best, every pleasure is to be welcomed and every pain avoided. But in certain circumstances and owing to the claims of duty or the obligations of business it will frequently occur that pleasures have to be repudiated and annoyances accepted. The wise man therefore always holds in these matters to this principle of selection: he rejects pleasures to secure other greater pleasures, or else he endures pains to avoid worse pains.\"</p>\r\n','1',1567527287,1574786993,'0',NULL),(2,'Новости','Новости компании\r\n[gallery-4]','1',1567527287,1582650321,'0',NULL),(3,'Галерея','фото','1',1567527287,1576601012,'0',1),(4,'О нас','Информация о компании','0',1567527287,NULL,'0',NULL),(5,'Товары','Каталог продукции','1',1567527287,1573578087,'0',NULL),(6,'Тест','Тестовая страница','0',1567527287,NULL,'0',NULL),(8,'www','wwwwwww','1',1567527287,NULL,'0',NULL),(9,'Кошки','','1',1575994765,NULL,'1',1),(10,'Собаки','Собаки:\r\n[gallery-2]\r\nнекоторый текст\r\n[gallery-2]','1',1575994777,1582044173,'1',1),(11,'ttt','tttt','1',1576601358,1576601377,'1',2),(12,'Четвероногие','123[gallery-1] [gallery-2]456\r\n\r\n\r\n','1',1577204730,1582648010,'0',2),(13,'СМУ','<p>Наши работы</p>\r\n[gallery-3]\r\n','1',1582045830,NULL,NULL,NULL),(14,'Гатчина','Виды города Гатчина\r\n[gallery-5]','1',1583857563,NULL,NULL,NULL);
/*!40000 ALTER TABLE `pages` ENABLE KEYS */;
UNLOCK TABLES;

--
-- Table structure for table `users`
--

DROP TABLE IF EXISTS `users`;
/*!40101 SET @saved_cs_client     = @@character_set_client */;
/*!40101 SET character_set_client = utf8 */;
CREATE TABLE `users` (
  `id` int(4) NOT NULL AUTO_INCREMENT,
  `name` varchar(255) DEFAULT NULL,
  `surname` varchar(255) DEFAULT NULL,
  `birth` int(4) DEFAULT NULL,
  `pass` varchar(255) NOT NULL,
  `login` varchar(255) NOT NULL,
  PRIMARY KEY (`id`)
) ENGINE=InnoDB AUTO_INCREMENT=3 DEFAULT CHARSET=utf8;
/*!40101 SET character_set_client = @saved_cs_client */;

--
-- Dumping data for table `users`
--

LOCK TABLES `users` WRITE;
/*!40000 ALTER TABLE `users` DISABLE KEYS */;
INSERT INTO `users` VALUES (1,'Иван','Иванов',1963,'976e07043c335b5229d5b5f56525b69e','ivan'),(2,'Пётр','Петров',1953,'44d3630868269581848d56ba848dbdcc','petr');
/*!40000 ALTER TABLE `users` ENABLE KEYS */;
UNLOCK TABLES;
/*!40103 SET TIME_ZONE=@OLD_TIME_ZONE */;

/*!40101 SET SQL_MODE=@OLD_SQL_MODE */;
/*!40014 SET FOREIGN_KEY_CHECKS=@OLD_FOREIGN_KEY_CHECKS */;
/*!40014 SET UNIQUE_CHECKS=@OLD_UNIQUE_CHECKS */;
/*!40101 SET CHARACTER_SET_CLIENT=@OLD_CHARACTER_SET_CLIENT */;
/*!40101 SET CHARACTER_SET_RESULTS=@OLD_CHARACTER_SET_RESULTS */;
/*!40101 SET COLLATION_CONNECTION=@OLD_COLLATION_CONNECTION */;
/*!40111 SET SQL_NOTES=@OLD_SQL_NOTES */;

-- Dump completed on 2020-03-10 20:07:47
